"source","destination","date_added"
"/about-hugo","/about/","2026-10-10"
"/about/benefits","/about/introduction/","2026-10-10"
"/about/privacy","/configuration/privacy/","2026-10-10"
"/about/security-model","/about/security/","2026-10-10"
"/about/what-is-hugo","/about/introduction/","2026-10-10"
"/assets","/hugo-pipes/introduction/","2026-10-10"
"/community/contributing","/contribute/","2026-10-10"
"/content","/content-management/","2026-10-10"
"/content-management/content-summaries","/content-management/summaries/","2026-10-10"
"/content-management/related","/content-management/related-content/","2026-10-10"
"/content-management/toc","/methods/page/tableofcontents/","2026-10-10"
"/content/archetypes","/content-management/archetypes/","2026-10-10"
"/content/build-options","/content-management/build-options/","2026-10-10"
"/content/front-matter","/content-management/front-matter/","2026-10-10"
"/content/markdown-extras","/content-management/formats/","2026-10-10"
"/content/multilingual","/content-management/multilingual/","2026-10-10"
"/content/organization","/content-management/","2026-10-10"
"/content/related","/content-management/related-content/","2026-10-10"
"/content/sections","/content-management/sections/","2026-10-10"
"/content/summaries","/content-management/summaries/","2026-10-10"
"/content/supported-formats","/content-management/formats/","2026-10-10"
"/contribute/docs","/contribute/documentation/","2026-10-10"
"/contribute/theme","/contribute/themes/","2026-10-10"
"/developer-tools/migrated","/tools/migrations/","2026-10-10"
"/developer-tools/migrations","/tools/migrations/","2026-10-10"
"/doc/alias","/content-management/urls/","2026-10-10"
"/doc/aliases","/content-management/urls/","2026-10-10"
"/doc/datafiles","/content-management/data-sources/","2026-10-10"
"/doc/indexes","/content-management/taxonomies/","2026-10-10"
"/doc/pagination","/templates/pagination/","2026-10-10"
"/doc/redirects","/content-management/urls/","2026-10-10"
"/doc/scratch","/methods/page/store/","2026-10-10"
"/doc/supported-formats","/content-management/formats/","2026-10-10"
"/doc/usage","/getting-started/usage/","2026-10-10"
"/docs","/about/","2026-10-10"
"/extras/aliases","/content-management/urls/","2026-10-10"
"/extras/comments","/content-management/comments/","2026-10-10"
"/extras/datadrivencontent","/content-management/data-sources/","2026-10-10"
"/extras/datafiles","/content-management/data-sources/","2026-10-10"
"/extras/highlight","/content-management/syntax-highlighting/","2026-10-10"
"/extras/highlighting","/content-management/syntax-highlighting/","2026-10-10"
"/extras/indexes","/content-management/taxonomies/","2026-10-10"
"/extras/livereload","/getting-started/usage/","2026-10-10"
"/extras/menus","/content-management/menus/","2026-10-10"
"/extras/pagination","/templates/pagination/","2026-10-10"
"/extras/permalinks","/content-management/urls/","2026-10-10"
"/extras/robots-txt","/templates/robots/","2026-10-10"
"/extras/scratch","/methods/page/store/","2026-10-10"
"/extras/shortcodes","/content-management/shortcodes/","2026-10-10"
"/extras/urls","/content-management/urls/","2026-10-10"
"/functions/abslangurl","/functions/urls/abslangurl/","2026-10-10"
"/functions/absurl","/functions/urls/absurl/","2026-10-10"
"/functions/adddate","/methods/time/adddate/","2026-10-10"
"/functions/after","/functions/collections/after/","2026-10-10"
"/functions/anchorize","/functions/urls/anchorize/","2026-10-10"
"/functions/append","/functions/collections/append/","2026-10-10"
"/functions/apply","/functions/collections/apply/","2026-10-10"
"/functions/base64","/functions/encoding/base64encode/","2026-10-10"
"/functions/base64Decode","/functions/encoding/base64decode/","2026-10-10"
"/functions/base64Encode","/functions/encoding/base64encode/","2026-10-10"
"/functions/chomp","/functions/strings/chomp/","2026-10-10"
"/functions/collections.reverse","/functions/collections/reverse/","2026-10-10"
"/functions/complement","/functions/collections/complement/","2026-10-10"
"/functions/cond","/functions/compare/conditional/","2026-10-10"
"/functions/countrunes","/functions/strings/countrunes/","2026-10-10"
"/functions/countwords","/functions/strings/countwords/","2026-10-10"
"/functions/crypto.fnv32a","/functions/hash/fnv32a/","2026-10-10"
"/functions/crypto/fnv32a","/functions/hash/fnv32a/","2026-10-10"
"/functions/dateformat","/functions/time/format/","2026-10-10"
"/functions/default","/functions/compare/default/","2026-10-10"
"/functions/delimit","/functions/collections/delimit/","2026-10-10"
"/functions/dict","/functions/collections/dictionary/","2026-10-10"
"/functions/duration","/functions/time/duration/","2026-10-10"
"/functions/emojify","/functions/transform/emojify/","2026-10-10"
"/functions/eq","/functions/compare/eq/","2026-10-10"
"/functions/errorf","/functions/fmt/errorf/","2026-10-10"
"/functions/erroridf","/functions/fmt/erroridf/","2026-10-10"
"/functions/fileexists","/functions/os/fileexists/","2026-10-10"
"/functions/findre","/functions/strings/findre/","2026-10-10"
"/functions/findresubmatch","/functions/strings/findresubmatch/","2026-10-10"
"/functions/first","/functions/collections/first/","2026-10-10"
"/functions/float","/functions/cast/tofloat/","2026-10-10"
"/functions/ge","/functions/compare/ge/","2026-10-10"
"/functions/getenv","/functions/os/getenv/","2026-10-10"
"/functions/getpage","/methods/page/getpage/","2026-10-10"
"/functions/group","/functions/collections/group/","2026-10-10"
"/functions/gt","/functions/compare/gt/","2026-10-10"
"/functions/hasmenucurrent","/methods/page/hasmenucurrent/","2026-10-10"
"/functions/hasprefix","/functions/strings/hasprefix/","2026-10-10"
"/functions/hassuffix","/functions/strings/hassuffix/","2026-10-10"
"/functions/highlight","/functions/transform/highlight/","2026-10-10"
"/functions/hmac","/functions/crypto/hmac/","2026-10-10"
"/functions/htmlescape","/functions/transform/htmlescape/","2026-10-10"
"/functions/htmlunescape","/functions/transform/htmlunescape/","2026-10-10"
"/functions/humanize","/functions/inflect/humanize/","2026-10-10"
"/functions/i18n","/functions/lang/translate/","2026-10-10"
"/functions/imageconfig","/functions/images/config/","2026-10-10"
"/functions/in","/functions/collections/in/","2026-10-10"
"/functions/index","/functions/collections/indexfunction/","2026-10-10"
"/functions/index-function","/functions/collections/indexfunction/","2026-10-10"
"/functions/int","/functions/cast/toint/","2026-10-10"
"/functions/intersect","/functions/collections/intersect/","2026-10-10"
"/functions/ismenucurrent","/methods/page/ismenucurrent/","2026-10-10"
"/functions/isset","/functions/collections/isset/","2026-10-10"
"/functions/jsonify","/functions/encoding/jsonify/","2026-10-10"
"/functions/keyvals","/functions/collections/keyvals/","2026-10-10"
"/functions/lang.merge","/functions/lang/merge/","2026-10-10"
"/functions/last","/functions/collections/last/","2026-10-10"
"/functions/le","/functions/compare/le/","2026-10-10"
"/functions/len","/functions/go-template/len/","2026-10-10"
"/functions/lower","/functions/strings/tolower/","2026-10-10"
"/functions/lt","/functions/compare/lt/","2026-10-10"
"/functions/markdownify","/functions/transform/markdownify/","2026-10-10"
"/functions/md5","/functions/crypto/md5/","2026-10-10"
"/functions/merge","/functions/collections/merge/","2026-10-10"
"/functions/ne","/functions/compare/ne/","2026-10-10"
"/functions/now","/functions/time/now/","2026-10-10"
"/functions/numfmt","/functions/lang/formatnumbercustom/","2026-10-10"
"/functions/os.stat","/functions/os/stat/","2026-10-10"
"/functions/page","/functions/global/page/","2026-10-10"
"/functions/param","/methods/page/param/","2026-10-10"
"/functions/partial","/functions/partials/include/","2026-10-10"
"/functions/partialcached","/functions/partials/includecached/","2026-10-10"
"/functions/path.base","/functions/path/base/","2026-10-10"
"/functions/path.basename","/functions/path/basename/","2026-10-10"
"/functions/path.clean","/functions/path/clean/","2026-10-10"
"/functions/path.dir","/functions/path/dir/","2026-10-10"
"/functions/path.ext","/functions/path/ext/","2026-10-10"
"/functions/path.join","/functions/path/join/","2026-10-10"
"/functions/path.split","/functions/path/split/","2026-10-10"
"/functions/plainify","/functions/transform/plainify/","2026-10-10"
"/functions/pluralize","/functions/inflect/pluralize/","2026-10-10"
"/functions/print","/functions/fmt/print/","2026-10-10"
"/functions/printf","/functions/fmt/printf/","2026-10-10"
"/functions/println","/functions/fmt/println/","2026-10-10"
"/functions/querify","/functions/collections/querify/","2026-10-10"
"/functions/range","/functions/go-template/range/","2026-10-10"
"/functions/readdir","/functions/os/readdir/","2026-10-10"
"/functions/readfile","/functions/os/readfile/","2026-10-10"
"/functions/ref","/functions/urls/ref/","2026-10-10"
"/functions/reflect.ismap","/functions/reflect/ismap/","2026-10-10"
"/functions/reflect.isslice","/functions/reflect/isslice/","2026-10-10"
"/functions/rellangurl","/functions/urls/rellangurl/","2026-10-10"
"/functions/relref","/functions/urls/relref/","2026-10-10"
"/functions/relurl","/functions/urls/relurl/","2026-10-10"
"/functions/render","/methods/page/render/","2026-10-10"
"/functions/renderstring","/methods/page/renderstring/","2026-10-10"
"/functions/replace","/functions/strings/replace/","2026-10-10"
"/functions/replacere","/functions/strings/replacere/","2026-10-10"
"/functions/resources/babel","/functions/js/babel/","2026-10-10"
"/functions/resources/postcss","/functions/css/postcss/","2026-10-10"
"/functions/resources/tocss","/functions/css/sass/","2026-10-10"
"/functions/safecss","/functions/safe/css/","2026-10-10"
"/functions/safehtml","/functions/safe/html/","2026-10-10"
"/functions/safehtmlattr","/functions/safe/htmlattr/","2026-10-10"
"/functions/safejs","/functions/safe/js/","2026-10-10"
"/functions/safejsstr","/functions/safe/jsstr/","2026-10-10"
"/functions/safeurl","/functions/safe/url/","2026-10-10"
"/functions/scratch","/methods/page/store/","2026-10-10"
"/functions/seq","/functions/collections/seq/","2026-10-10"
"/functions/sha","/functions/crypto/sha1/","2026-10-10"
"/functions/sha1","/functions/crypto/sha1/","2026-10-10"
"/functions/sha256","/functions/crypto/sha256/","2026-10-10"
"/functions/shuffle","/functions/collections/shuffle/","2026-10-10"
"/functions/singularize","/functions/inflect/singularize/","2026-10-10"
"/functions/site","/functions/global/site/","2026-10-10"
"/functions/slice","/functions/collections/slice/","2026-10-10"
"/functions/slicestr","/functions/strings/slicestring/","2026-10-10"
"/functions/sort","/functions/collections/sort/","2026-10-10"
"/functions/split","/functions/strings/split/","2026-10-10"
"/functions/store","/methods/page/store/","2026-10-10"
"/functions/string","/functions/cast/tostring/","2026-10-10"
"/functions/strings.contains","/functions/strings/contains/","2026-10-10"
"/functions/strings.containsany","/functions/strings/containsany/","2026-10-10"
"/functions/strings.containsnonspace","/functions/strings/containsnonspace/","2026-10-10"
"/functions/strings.count","/functions/strings/count/","2026-10-10"
"/functions/strings.firstupper","/functions/strings/firstupper/","2026-10-10"
"/functions/strings.hasprefix","/functions/strings/hasprefix/","2026-10-10"
"/functions/strings.repeat","/functions/strings/repeat/","2026-10-10"
"/functions/strings.runecount","/functions/strings/runecount/","2026-10-10"
"/functions/strings.trimleft","/functions/strings/trimleft/","2026-10-10"
"/functions/strings.trimprefix","/functions/strings/trimprefix/","2026-10-10"
"/functions/strings.trimright","/functions/strings/trimright/","2026-10-10"
"/functions/strings.trimsuffix","/functions/strings/trimsuffix/","2026-10-10"
"/functions/substr","/functions/strings/substr/","2026-10-10"
"/functions/symdiff","/functions/collections/symdiff/","2026-10-10"
"/functions/templates.defer","/functions/templates/defer/","2026-10-10"
"/functions/templates.exists","/functions/templates/exists/","2026-10-10"
"/functions/time","/functions/time/astime/","2026-10-10"
"/functions/time.parseduration","/functions/time/parseduration/","2026-10-10"
"/functions/title","/functions/strings/title/","2026-10-10"
"/functions/tomath","/functions/transform/tomath/","2026-10-10"
"/functions/transform.remarshal","/functions/transform/remarshal/","2026-10-10"
"/functions/transform.unmarshal","/functions/transform/unmarshal/","2026-10-10"
"/functions/trim","/functions/strings/trim/","2026-10-10"
"/functions/truncate","/functions/strings/truncate/","2026-10-10"
"/functions/union","/functions/collections/union/","2026-10-10"
"/functions/uniq","/functions/collections/uniq/","2026-10-10"
"/functions/unix","/methods/time/unix/","2026-10-10"
"/functions/upper","/functions/strings/toupper/","2026-10-10"
"/functions/urlize","/functions/urls/urlize/","2026-10-10"
"/functions/urlquery","/functions/go-template/urlquery/","2026-10-10"
"/functions/urls.joinpath","/functions/urls/joinpath/","2026-10-10"
"/functions/urls.parse","/functions/urls/parse/","2026-10-10"
"/functions/warnf","/functions/fmt/warnf/","2026-10-10"
"/functions/warnidf","/functions/fmt/warnidf/","2026-10-10"
"/functions/where","/functions/collections/where/","2026-10-10"
"/functions/with","/functions/go-template/with/","2026-10-10"
"/getting-started/configuration","/configuration/all/","2026-10-10"
"/getting-started/configuration-build","/configuration/build/","2026-10-10"
"/getting-started/configuration-markup","/configuration/markup/","2026-10-10"
"/getting-started/glossary","/quick-reference/glossary/","2026-10-10"
"/getting-started/installing","/installation/","2026-10-10"
"/host-and-deploy/deploy-with-hugo-deploy","/host-and-deploy/deploy-with-hugo/","2026-10-10"
"/host-and-deploy/host-on-aws-amplify","/host-and-deploy/deploy-to-aws-amplify/","2026-10-10"
"/host-and-deploy/host-on-azure-static-web-apps","/host-and-deploy/deploy-to-azure-static-web-apps/","2026-10-10"
"/host-and-deploy/host-on-cloudflare","/host-and-deploy/deploy-to-cloudflare/","2026-10-10"
"/host-and-deploy/host-on-codeberg-pages","/host-and-deploy/deploy-to-codeberg-pages/","2026-10-10"
"/host-and-deploy/host-on-firebase","/host-and-deploy/deploy-to-firebase/","2026-10-10"
"/host-and-deploy/host-on-github-pages","/host-and-deploy/deploy-to-github-pages/","2026-10-10"
"/host-and-deploy/host-on-gitlab-pages","/host-and-deploy/deploy-to-gitlab-pages/","2026-10-10"
"/host-and-deploy/host-on-netlify","/host-and-deploy/deploy-to-netlify/","2026-10-10"
"/host-and-deploy/host-on-render","/host-and-deploy/deploy-to-render/","2026-10-10"
"/host-and-deploy/host-on-sourcehut-pages","/host-and-deploy/deploy-to-sourcehut-pages/","2026-10-10"
"/host-and-deploy/host-on-vercel","/host-and-deploy/deploy-to-vercel/","2026-10-10"
"/hosting-and-deployment","/host-and-deploy/","2026-10-10"
"/hosting-and-deployment/deployment-with-rclone","/host-and-deploy/deploy-with-rclone/","2026-10-10"
"/hosting-and-deployment/deployment-with-rsync","/host-and-deploy/deploy-with-rsync/","2026-10-10"
"/hosting-and-deployment/hosting-on-aws-amplify","/host-and-deploy/deploy-to-aws-amplify/","2026-10-10"
"/hosting-and-deployment/hosting-on-azure-static-web-apps","/host-and-deploy/deploy-to-azure-static-web-apps/","2026-10-10"
"/hosting-and-deployment/hosting-on-firebase","/host-and-deploy/deploy-to-firebase/","2026-10-10"
"/hosting-and-deployment/hosting-on-github","/host-and-deploy/deploy-to-github-pages/","2026-10-10"
"/hosting-and-deployment/hosting-on-gitlab","/host-and-deploy/deploy-to-gitlab-pages/","2026-10-10"
"/hosting-and-deployment/hosting-on-netlify","/host-and-deploy/deploy-to-netlify/","2026-10-10"
"/hosting-and-deployment/hosting-on-render","/host-and-deploy/deploy-to-render/","2026-10-10"
"/hosting-and-deployment/hosting-on-sourcehut","/host-and-deploy/deploy-to-sourcehut-pages/","2026-10-10"
"/hosting-and-deployment/hugo-deploy","/host-and-deploy/deploy-with-hugo/","2026-10-10"
"/hugo-modules/configuration","/configuration/module/","2026-10-10"
"/hugo-pipes/transform-to-css","/hugo-pipes/transpile-sass-to-css/","2026-10-10"
"/indexes/overview","/content-management/taxonomies/","2026-10-10"
"/installing-and-using-themes","/hugo-modules/use-modules/","2026-10-10"
"/layout/functions","/functions/","2026-10-10"
"/layout/sitemap","/templates/sitemap/","2026-10-10"
"/methods/pager/pagesize","/methods/pager/pagersize/","2026-10-10"
"/overview/introduction","/getting-started/","2026-10-10"
"/overview/quickstart","/getting-started/quick-start/","2026-10-10"
"/overview/source-directory","/getting-started/directory-structure/","2026-10-10"
"/overview/usage","/getting-started/usage/","2026-10-10"
"/quickstart","/getting-started/quick-start/","2026-10-10"
"/related","/content-management/related-content/","2026-10-10"
"/release-notes","/news/","2026-10-10"
"/taxonomies/overview","/content-management/taxonomies/","2026-10-10"
"/taxonomies/usage","/content-management/taxonomies/","2026-10-10"
"/templates/base","/templates/types/","2026-10-10"
"/templates/content","/templates/","2026-10-10"
"/templates/content-view","/templates/types/","2026-10-10"
"/templates/data-templates","/content-management/data-sources/","2026-10-10"
"/templates/functions","/functions/","2026-10-10"
"/templates/home","/templates/types/","2026-10-10"
"/templates/internal","/templates/embedded/","2026-10-10"
"/templates/lists","/templates/types/","2026-10-10"
"/templates/menu-templates","/templates/menu/","2026-10-10"
"/templates/menus","/templates/menu/","2026-10-10"
"/templates/overview","/templates/","2026-10-10"
"/templates/partial","/templates/types/","2026-10-10"
"/templates/render-hooks","/render-hooks/","2026-10-10"
"/templates/section","/templates/types/","2026-10-10"
"/templates/shortcode-templates","/templates/shortcode/","2026-10-10"
"/templates/single","/templates/types/","2026-10-10"
"/templates/sitemap-template","/templates/sitemap/","2026-10-10"
"/templates/taxonomy","/templates/types/","2026-10-10"
"/templates/template-debugging","/troubleshooting/","2026-10-10"
"/templates/term","/templates/types/","2026-10-10"
"/themes","/hugo-modules/","2026-10-10"
"/themes/customize","/hugo-modules/theme-components/","2026-10-10"
"/themes/customizing","/hugo-modules/theme-components/","2026-10-10"
"/themes/installing","/hugo-modules/use-modules/","2026-10-10"
"/themes/overview","/hugo-modules/","2026-10-10"
"/themes/usage","/hugo-modules/use-modules/","2026-10-10"
"/tools/frontends","/tools/front-ends/","2026-10-10"
"/tools/syntax-highlighting","/content-management/syntax-highlighting/","2026-10-10"
"/troubleshooting/build-performance","/troubleshooting/performance/","2026-10-10"
"/tutorials/create-a-multilingual-site","/content-management/multilingual/","2026-10-10"
"/tutorials/how-to-contribute-to-hugo","/contribute/","2026-10-10"
"/usage","/getting-started/usage/","2026-10-10"
"/variables","/methods/","2026-10-10"
"/variables/page","/methods/page/","2026-10-10"
"/variables/pages","/methods/pages/","2026-10-10"
"/variables/shortcodes","/methods/shortcode/","2026-10-10"
"/variables/site","/methods/site/","2026-10-10"
"/variables/taxonomy","/methods/taxonomy/","2026-10-10"
